# FINAL THESIS EXPERIMENTAL EVIDENCE. Tier-2 live software-based testbed: real 5G NAS/NGAP/GTP-U via Open5GS and UERANSIM, and a real IEEE 802.11 association and EAP-TLS exchange via mac80211_hwsim, over simulated radios. Not an RF, propagation, interference, channel-quality, spectrum-coexistence or physical-handover measurement. Generated from results/final/raw/; no value was typed by hand.
device_count,strategy,seed,decision_latency_ms_median,decision_latency_ms_p95,engine_time_us_median,nr_context_ms_median,wlan_context_ms_median,transition_ms_median,app_recovery_ms_median,reauthentications,step_ups,state_changes,messages,bytes,app_operations,cpu_seconds,cpu_percent,memory_mib_peak,wall_seconds,false_acceptance_rate,false_rejection_rate
1,ca_ztcf,20260907,0.573251,0.6377423000000001,5.269500000000001,0.033141,0.040548,,,0,0,1,0,0,0,0.01,53.319,59.33984375,0.018755,,0.0
1,ca_ztcf,20260908,0.5146755000000001,0.53224125,5.048,0.02974,0.039161,,,0,0,1,0,0,0,0.02,145.075,59.33984375,0.013786,,0.0
1,ca_ztcf,20260909,0.9170200000000001,1.3066192,8.9985,0.027924,0.093701,,,0,0,1,0,0,0,0.01,5.507,59.33984375,0.181589,,0.0
1,ca_ztcf,20260910,0.540297,0.5670063,5.4495000000000005,0.030289,0.041232,,,0,0,1,0,0,0,0.01,73.654,59.3359375,0.013577,,0.0
1,ca_ztcf,20260911,0.545895,0.5469975,5.302,0.030332,0.034472,,,0,0,1,0,0,0,0.02,148.104,59.3359375,0.013504,,0.0
1,ca_ztcf,20260912,0.5954485,0.61822345,5.2385,0.029614,0.040133,,,0,0,1,0,0,0,0.01,72.27,59.3359375,0.013837,,0.0
1,ca_ztcf,20260913,0.545641,0.5521048,5.365,0.029657,0.034895,,,0,0,1,0,0,0,0.02,60.964,59.3359375,0.032806,,0.0
1,ca_ztcf,20260914,0.5223875,0.53536955,4.8919999999999995,0.030113,0.036525,,,0,0,1,0,0,0,0.01,64.662,59.3359375,0.015465,,0.0
1,ca_ztcf,20260915,0.527533,0.5597971,5.1875,0.032096,0.032602,,,0,0,1,0,0,0,0.01,63.119,59.33984375,0.015843,,0.0
1,ca_ztcf,20260916,0.5403545000000001,0.54194885,5.778499999999999,0.02927,0.033572,,,0,0,1,0,0,0,0.01,69.959,59.33984375,0.014294,,0.0
1,ca_ztcf,20260917,0.533353,0.5555965,5.2925,0.029354,0.041247,,,0,0,1,0,0,0,0.01,72.828,59.33984375,0.013731,,0.0
1,ca_ztcf,20260918,0.5234209999999999,0.5264009,5.1035,0.028216,0.034373,,,0,0,1,0,0,0,0.01,56.205,59.33984375,0.017792,,0.0
1,ca_ztcf,20260919,0.549169,0.5683759,5.9045000000000005,0.034162,0.033867,,,0,0,1,0,0,0,0.01,63.621,59.33984375,0.015718,,0.0
1,ca_ztcf,20260920,0.5254875,0.5362105500000001,5.1035,0.027878,0.03682,,,0,0,1,0,0,0,0.01,74.388,59.33984375,0.013443,,0.0
1,ca_ztcf,20260921,0.5339860000000001,0.5369092,5.250500000000001,0.027751,0.038337,,,0,0,1,0,0,0,0.02,146.821,59.33984375,0.013622,,0.0
1,ca_ztcf,20260922,0.4694515,0.49746175,4.7375,0.027375,0.029017,,,0,0,1,0,0,0,0.01,51.789,59.33984375,0.019309,,0.0
1,ca_ztcf,20260923,0.470568,0.4942767,4.6955,0.027964,0.037103,,,0,0,1,0,0,0,0.01,58.976,59.33984375,0.016956,,0.0
1,ca_ztcf,20260924,0.46090200000000003,0.46791390000000005,4.696,0.026111,0.037229,,,0,0,1,0,0,0,0.02,121.197,59.33984375,0.016502,,0.0
1,ca_ztcf,20260925,0.525822,0.5387280000000001,5.8535,0.028385,0.037398,,,0,0,1,0,0,0,0.01,62.98,59.33984375,0.015878,,0.0
1,ca_ztcf,20260926,0.508618,0.5389029999999999,4.9065,0.028469,0.027585,,,0,0,1,0,0,0,0.01,69.652,59.33984375,0.014357,,0.0
1,ca_ztcf,20260927,0.541889,0.5744096,4.8435,0.028765,0.024931,,,0,0,1,0,0,0,0.01,60.463,59.33984375,0.016539,,0.0
1,ca_ztcf,20260928,0.500996,0.5347676,5.3065,0.031501,0.026532,,,0,0,1,0,0,0,0.01,61.47,59.33984375,0.016268,,0.0
1,ca_ztcf,20260929,0.514178,0.5448976999999999,4.858,0.029149,0.029695,,,0,0,1,0,0,0,0.01,74.107,59.33984375,0.013494,,0.0
1,ca_ztcf,20260930,0.5180045,0.52877435,5.1315,0.029148,0.035205,,,0,0,1,0,0,0,0.01,73.883,59.33984375,0.013535,,0.0
1,ca_ztcf,20260931,0.5305179999999999,0.5794644999999999,5.6995000000000005,0.05081,0.034868,,,0,0,1,0,0,0,0.01,63.444,59.33984375,0.015762,,0.0
1,ca_ztcf,20260932,0.5365125,0.55523205,5.4465,0.032555,0.043113,,,0,0,1,0,0,0,0.01,70.937,59.33984375,0.014097,,0.0
1,ca_ztcf,20260933,0.5344725,0.5423839500000001,5.048,0.027928,0.037645,,,0,0,1,0,0,0,0.01,71.649,59.33984375,0.013957,,0.0
1,ca_ztcf,20260934,0.5101610000000001,0.5174672,5.089499999999999,0.028181,0.029906,,,0,0,1,0,0,0,0.01,69.969,59.33984375,0.014292,,0.0
1,ca_ztcf,20260935,0.508079,0.5239216999999999,4.984,0.029148,0.031462,,,0,0,1,0,0,0,0.01,59.563,59.33984375,0.016789,,0.0
1,ca_ztcf,20260936,0.5290250000000001,0.5469872,5.068,0.031041,0.039538,,,0,0,1,0,0,0,0.01,72.637,59.33984375,0.013767,,0.0
1,independent,20260907,0.175223,0.21046969999999998,,0.026783,0.033394,,,1,0,1,0,0,0,0.01,65.317,59.34375,0.01531,,1.0
1,independent,20260908,0.1635585,0.20668875,,0.027751,0.030699,,,1,0,1,0,0,0,0.01,53.425,59.34375,0.018718,,1.0
1,independent,20260909,0.1716225,0.22860465000000002,,0.028383,0.024424,,,1,0,1,0,0,0,0.01,75.12,59.33984375,0.013312,,1.0
1,independent,20260910,0.179876,0.2387153,,0.027583,0.035246,,,1,0,1,0,0,0,0.01,58.217,59.33984375,0.017177,,1.0
1,independent,20260911,0.1774965,0.22282455,,0.027793,0.032636,,,1,0,1,0,0,0,0.01,72.244,59.33984375,0.013842,,1.0
1,independent,20260912,0.1677905,0.21249304999999996,,0.030109,0.029646,,,1,0,1,0,0,0,0.01,62.96,59.34375,0.015883,,1.0
1,independent,20260913,0.1696225,0.22408465,,0.028888,0.028383,,,1,0,1,0,0,0,0.01,68.241,59.34375,0.014654,,1.0
1,independent,20260914,0.1679795,0.20997215,,0.028214,0.033773,,,1,0,1,0,0,0,0.01,63.416,59.3359375,0.015769,,1.0
1,independent,20260915,0.183141,0.2116242,,0.034151,0.032385,,,1,0,1,0,0,0,0.01,62.309,59.3359375,0.016049,,1.0
1,independent,20260916,0.1709445,0.22384335000000002,,0.030113,0.027758,,,1,0,1,0,0,0,0.01,79.688,59.3359375,0.012549,,1.0
1,independent,20260917,0.167832,0.2112669,,0.029062,0.025403,,,1,0,1,0,0,0,0.01,74.722,59.3359375,0.013383,,1.0
1,independent,20260918,0.19247750000000002,0.24590555,,0.028684,0.041301,,,1,0,1,0,0,0,0.01,69.435,59.3359375,0.014402,,1.0
1,independent,20260919,0.1723535,0.20967605,,0.027926,0.041511,,,1,0,1,0,0,0,0.01,78.315,59.3359375,0.012769,,1.0
1,independent,20260920,0.215063,0.27534230000000004,,0.04168,0.037642,,,1,0,1,0,0,0,0.02,125.842,59.3359375,0.015893,,1.0
1,independent,20260921,0.1683155,0.20753074999999999,,0.028599,0.023636,,,1,0,1,0,0,0,0.01,61.323,59.3359375,0.016307,,1.0
1,independent,20260922,0.1751085,0.22376744999999998,,0.028767,0.035034,,,1,0,1,0,0,0,0.01,60.223,59.3359375,0.016605,,1.0
1,independent,20260923,0.17604950000000003,0.21531515,,0.028861,0.050204,,,1,0,1,0,0,0,0.01,77.328,59.3359375,0.012932,,1.0
1,independent,20260924,0.1831705,0.22445935,,0.030333,0.032012,,,1,0,1,0,0,0,0.01,78.518,59.3359375,0.012736,,1.0
1,independent,20260925,0.17084,0.2261,,0.027307,0.028484,,,1,0,1,0,0,0,0.01,75.592,59.3359375,0.013229,,1.0
1,independent,20260926,0.182309,0.2336369,,0.028526,0.031887,,,1,0,1,0,0,0,0.01,79.611,59.3359375,0.012561,,1.0
1,independent,20260927,0.17794,0.2108539,,0.028106,0.032055,,,1,0,1,0,0,0,0.01,71.485,59.3359375,0.013989,,1.0
1,independent,20260928,0.1819735,0.21326155,,0.027097,0.031382,,,1,0,1,0,0,0,0.01,71.023,59.3359375,0.01408,,1.0
1,independent,20260929,0.172961,0.2081249,,0.027265,0.032559,,,1,0,1,0,0,0,0.01,65.643,59.3359375,0.015234,,1.0
1,independent,20260930,0.1702765,0.21269665,,0.027575,0.032107,,,1,0,1,0,0,0,0.01,69.711,59.3359375,0.014345,,1.0
1,independent,20260931,0.169584,0.2111919,,0.028456,0.030722,,,1,0,1,0,0,0,0.02,148.357,59.3359375,0.013481,,1.0
1,independent,20260932,0.1697515,0.21479695,,0.028499,0.036724,,,1,0,1,0,0,0,0.01,67.962,59.3359375,0.014714,,1.0
1,independent,20260933,0.172354,0.233869,,0.028373,0.024134,,,1,0,1,0,0,0,0.01,66.133,59.3359375,0.015121,,1.0
1,independent,20260934,0.1620395,0.21145175,,0.029473,0.025263,,,1,0,1,0,0,0,0.01,76.746,59.3359375,0.01303,,1.0
1,independent,20260935,0.17773450000000002,0.21699744999999998,,0.027848,0.033225,,,1,0,1,0,0,0,0.01,59.06,59.3359375,0.016932,,1.0
1,independent,20260936,0.17608800000000002,0.224112,,0.029348,0.037352,,,1,0,1,0,0,0,0.01,77.369,59.3359375,0.012925,,1.0
1,static_continuity,20260907,0.179173,0.21841750000000001,,0.026805,0.031015,,,0,0,0,0,0,0,0.01,67.495,59.3359375,0.014816,,0.0
1,static_continuity,20260908,0.1688965,0.21311215,,0.031975,0.037978,,,0,0,0,0,0,0,0.01,59.848,59.3359375,0.016709,,0.0
1,static_continuity,20260909,0.17953249999999998,0.22951625,,0.029336,0.032832,,,0,0,0,0,0,0,0.01,73.594,59.3359375,0.013588,,0.0
1,static_continuity,20260910,0.16232749999999999,0.21309785,,0.027758,0.02665,,,0,0,0,0,0,0,0.01,63.666,59.3359375,0.015707,,0.0
1,static_continuity,20260911,0.17307250000000002,0.21758785,,0.028014,0.036115,,,0,0,0,0,0,0,0.01,78.235,59.3359375,0.012782,,0.0
1,static_continuity,20260912,0.18669550000000001,0.23207395,,0.040123,0.039442,,,0,0,0,0,0,0,0.02,121.551,59.3359375,0.016454,,0.0
1,static_continuity,20260913,0.164438,0.2163023,,0.031809,0.030274,,,0,0,0,0,0,0,0.01,62.881,59.3359375,0.015903,,0.0
1,static_continuity,20260914,0.178189,0.22040169999999998,,0.028313,0.034581,,,0,0,0,0,0,0,0.01,67.527,59.3359375,0.014809,,0.0
1,static_continuity,20260915,0.227693,0.3293876,,0.03846,0.032236,,,0,0,0,0,0,0,0.01,57.827,59.3359375,0.017293,,0.0
1,static_continuity,20260916,0.165319,0.21051340000000002,,0.03104,0.035377,,,0,0,0,0,0,0,0.01,65.108,59.3359375,0.015359,,0.0
1,static_continuity,20260917,0.18447449999999999,0.22253235,,0.0307,0.046305,,,0,0,0,0,0,0,0.01,74.912,59.3359375,0.013349,,0.0
1,static_continuity,20260918,0.174844,0.21249999999999997,,0.029892,0.048217,,,0,0,0,0,0,0,0.01,67.445,59.33984375,0.014827,,0.0
1,static_continuity,20260919,0.171697,0.2152462,,0.030954,0.036312,,,0,0,0,0,0,0,0.01,56.218,59.33984375,0.017788,,0.0
1,static_continuity,20260920,0.16852899999999998,0.2094952,,0.026788,0.034399,,,0,0,0,0,0,0,0.01,63.98,59.33984375,0.01563,,0.0
1,static_continuity,20260921,0.22329500000000002,0.3018407,,0.048048,0.056509,,,0,0,0,0,0,0,0.01,41.845,59.33984375,0.023898,,0.0
1,static_continuity,20260922,0.170655,0.2112387,,0.034271,0.034144,,,0,0,0,0,0,0,0.01,67.949,59.33984375,0.014717,,0.0
1,static_continuity,20260923,0.17679899999999998,0.2152587,,0.028872,0.033761,,,0,0,0,0,0,0,0.01,72.265,59.33984375,0.013838,,0.0
1,static_continuity,20260924,0.164384,0.2123117,,0.028504,0.026595,,,0,0,0,0,0,0,0.01,59.495,59.33984375,0.016808,,0.0
1,static_continuity,20260925,0.17201850000000002,0.21360975,,0.028928,0.039872,,,0,0,0,0,0,0,0.01,70.621,59.33984375,0.01416,,0.0
1,static_continuity,20260926,0.21312,0.2646369,,0.035248,0.166144,,,0,0,0,0,0,0,0.01,73.605,59.33984375,0.013586,,0.0
1,static_continuity,20260927,0.178593,0.2238108,,0.032873,0.03389,,,0,0,0,0,0,0,0.02,140.154,59.33984375,0.01427,,0.0
1,static_continuity,20260928,0.1664405,0.21354785,,0.029352,0.028377,,,0,0,0,0,0,0,0.01,69.252,59.33984375,0.01444,,0.0
1,static_continuity,20260929,0.1731645,0.23281244999999998,,0.030455,0.023117,,,0,0,0,0,0,0,0.02,139.782,59.33984375,0.014308,,0.0
1,static_continuity,20260930,0.1666955,0.22151405,,0.028121,0.0302,,,0,0,0,0,0,0,0.01,68.629,59.33984375,0.014571,,0.0
1,static_continuity,20260931,0.156603,0.20273249999999998,,0.027385,0.025606,,,0,0,0,0,0,0,0.01,60.798,59.33984375,0.016448,,0.0
1,static_continuity,20260932,0.1707815,0.22365425000000003,,0.0284,0.029162,,,0,0,0,0,0,0,0.01,57.991,59.33984375,0.017244,,0.0
1,static_continuity,20260933,0.181109,0.23965669999999997,,0.03314,0.026072,,,0,0,0,0,0,0,0.01,66.107,59.33984375,0.015127,,0.0
1,static_continuity,20260934,0.1719245,0.21912095,,0.029966,0.032506,,,0,0,0,0,0,0,0.01,66.225,59.33984375,0.0151,,0.0
1,static_continuity,20260935,0.20292749999999998,0.26884664999999996,,0.039066,0.039447,,,0,0,0,0,0,0,0.01,75.529,59.33984375,0.01324,,0.0
1,static_continuity,20260936,0.179839,0.2197603,,0.030813,0.042875,,,0,0,0,0,0,0,0.02,146.681,59.33984375,0.013635,,0.0
5,ca_ztcf,20260907,0.429891,0.52512025,3.9225000000000003,0.018263,0.022902,,,0,0,5,0,0,0,0.02,81.559,59.3359375,0.024522,,0.0
5,ca_ztcf,20260908,0.4604475,0.5176698,4.197,0.024209,0.018642,,,0,0,5,0,0,0,0.02,92.67,59.3359375,0.021582,,0.0
5,ca_ztcf,20260909,0.45711650000000004,0.49422984999999997,4.176,0.018052,0.021595,,,0,0,5,0,0,0,0.02,83.616,59.3515625,0.023919,,0.0
5,ca_ztcf,20260910,0.43718749999999995,0.52774835,4.049,0.022354,0.017461,,,0,0,5,0,0,0,0.02,86.911,59.3515625,0.023012,,0.0
5,ca_ztcf,20260911,0.548303,0.8453227999999999,4.8925,0.024927,0.03661,,,0,0,5,0,0,0,0.03,113.396,59.3515625,0.026456,,0.0
5,ca_ztcf,20260912,0.4517565,0.51225445,4.2745,0.016636,0.024764,,,0,0,5,0,0,0,0.01,41.708,59.3515625,0.023976,,0.0
5,ca_ztcf,20260913,0.4468715,0.50710315,4.233,0.016846,0.028429,,,0,0,5,0,0,0,0.01,48.607,59.3515625,0.020573,,0.0
5,ca_ztcf,20260914,0.45070350000000003,0.5382144499999999,4.1905,0.019542,0.018995,,,0,0,5,0,0,0,0.01,44.383,59.3515625,0.022531,,0.0
5,ca_ztcf,20260915,0.455063,0.5700836499999999,4.2955000000000005,0.028007,0.019584,,,0,0,5,0,0,0,0.02,93.967,59.3515625,0.021284,,0.0
5,ca_ztcf,20260916,0.482438,0.5180783499999999,4.275,0.025101,0.019205,,,0,0,5,0,0,0,0.02,91.567,59.3515625,0.021842,,0.0
5,ca_ztcf,20260917,0.4360475,0.5346681499999999,4.169499999999999,0.018446,0.024638,,,0,0,5,0,0,0,0.02,102.176,59.3515625,0.019574,,0.0
5,ca_ztcf,20260918,0.468919,0.52338345,4.317,0.018321,0.022111,,,0,0,5,0,0,0,0.02,82.549,59.3515625,0.024228,,0.0
5,ca_ztcf,20260919,0.4567135,0.5303861999999999,4.269500000000001,0.01775,0.01998,,,0,0,5,0,0,0,0.01,43.838,59.3515625,0.022811,,0.0
5,ca_ztcf,20260920,0.44682849999999996,0.5315926499999999,4.122,0.018171,0.01754,,,0,0,5,0,0,0,0.01,46.125,59.3515625,0.02168,,0.0
5,ca_ztcf,20260921,0.478628,0.5574659,4.3325,0.021578,0.019306,,,0,0,5,0,0,0,0.02,98.319,59.3515625,0.020342,,0.0
5,ca_ztcf,20260922,0.4591535,0.5093865,4.206,0.018508,0.022251,,,0,0,5,0,0,0,0.02,85.877,59.36328125,0.023289,,0.0
5,ca_ztcf,20260923,0.44426299999999996,0.5158007499999999,4.269,0.01876,0.020443,,,0,0,5,0,0,0,0.02,84.342,59.36328125,0.023713,,0.0
5,ca_ztcf,20260924,0.45446299999999995,0.5115375,4.164,0.016362,0.020905,,,0,0,5,0,0,0,0.02,88.195,59.36328125,0.022677,,0.0
5,ca_ztcf,20260925,0.4771555,0.52139495,4.1645,0.024648,0.019264,,,0,0,5,0,0,0,0.02,93.136,59.36328125,0.021474,,0.0
5,ca_ztcf,20260926,0.45736,0.546059,4.18,0.02126,0.021848,,,0,0,5,0,0,0,0.01,46.841,59.36328125,0.021349,,0.0
5,ca_ztcf,20260927,0.4683895,0.52274455,4.138999999999999,0.019033,0.022898,,,0,0,5,0,0,0,0.01,47.792,59.36328125,0.020924,,0.0
5,ca_ztcf,20260928,0.4362685,0.5195133999999999,4.18,0.01794,0.02084,,,0,0,5,0,0,0,0.02,85.514,59.36328125,0.023388,,0.0
5,ca_ztcf,20260929,0.44009149999999997,0.5404436,4.159,0.018738,0.017311,,,0,0,5,0,0,0,0.01,46.832,59.36328125,0.021353,,0.0
5,ca_ztcf,20260930,0.4490995,0.51708155,4.085,0.018509,0.021761,,,0,0,5,0,0,0,0.02,78.653,59.36328125,0.025428,,0.0
5,ca_ztcf,20260931,0.47209,0.58649945,4.3145,0.026388,0.020636,,,0,0,5,0,0,0,0.01,24.29,59.36328125,0.041169,,0.0
5,ca_ztcf,20260932,0.438219,0.50295175,4.2105,0.0178,0.019968,,,0,0,5,0,0,0,0.01,39.568,59.36328125,0.025273,,0.0
5,ca_ztcf,20260933,0.43865699999999996,0.50529795,3.939,0.018551,0.019801,,,0,0,5,0,0,0,0.02,86.453,59.36328125,0.023134,,0.0
5,ca_ztcf,20260934,0.463067,0.5503252999999999,4.2745,0.025221,0.019819,,,0,0,5,0,0,0,0.02,78.604,59.36328125,0.025444,,0.0
5,ca_ztcf,20260935,0.45126449999999996,0.5269039999999999,4.062,0.022073,0.021095,,,0,0,5,0,0,0,0.03,132.614,59.36328125,0.022622,,0.0
5,ca_ztcf,20260936,0.456198,0.49694389999999994,4.253,0.024795,0.019096,,,0,0,5,0,0,0,0.02,78.14,59.36328125,0.025595,,0.0
5,independent,20260907,0.1370725,0.21115095,,0.017604,0.016049,,,5,0,5,0,0,0,0.01,60.92,59.33984375,0.016415,,1.0
5,independent,20260908,0.156252,0.22783009999999998,,0.018486,0.021974,,,5,0,5,0,0,0,0.02,125.078,59.3359375,0.01599,,1.0
5,independent,20260909,0.14072800000000002,0.20880335,,0.02441,0.015461,,,5,0,5,0,0,0,0.01,59.287,59.3359375,0.016867,,1.0
5,independent,20260910,0.1482275,0.21145249999999993,,0.020882,0.022184,,,5,0,5,0,0,0,0.03,107.07,59.3359375,0.028019,,1.0
5,independent,20260911,0.145286,0.21000314999999994,,0.012646,0.013613,,,5,0,5,0,0,0,0.01,49.259,59.3359375,0.020301,,1.0
5,independent,20260912,0.1409795,0.23880024999999994,,0.018529,0.019452,,,5,0,5,0,0,0,0.01,53.961,59.3359375,0.018532,,1.0
5,independent,20260913,0.15066400000000002,0.19095384999999998,,0.023402,0.021637,,,5,0,5,0,0,0,0.01,49.948,59.3359375,0.020021,,1.0
5,independent,20260914,0.14117849999999998,0.20434285,,0.017419,0.016076,,,5,0,5,0,0,0,0.01,54.271,59.3359375,0.018426,,1.0
5,independent,20260915,0.16189199999999998,0.22008324999999995,,0.025772,0.025394,,,5,0,5,0,0,0,0.01,52.918,59.3359375,0.018897,,1.0
5,independent,20260916,0.1474745,0.20431095,,0.017713,0.023883,,,5,0,5,0,0,0,0.01,55.543,59.3359375,0.018004,,1.0
5,independent,20260917,0.129523,0.19866759999999994,,0.01234,0.013924,,,5,0,5,0,0,0,0.01,54.154,59.3359375,0.018466,,1.0
5,independent,20260918,0.1366935,0.21598245,,0.014174,0.020885,,,5,0,5,0,0,0,0.02,119.36,59.3359375,0.016756,,1.0
5,independent,20260919,0.1430505,0.21432805,,0.013757,0.014465,,,5,0,5,0,0,0,0.01,50.927,59.3359375,0.019636,,1.0
5,independent,20260920,0.146511,0.22011174999999994,,0.020052,0.022886,,,5,0,5,0,0,0,0.01,58.889,59.3359375,0.016981,,1.0
5,independent,20260921,0.1444265,0.21038245,,0.017842,0.028056,,,5,0,5,0,0,0,0.01,64.927,59.3359375,0.015402,,1.0
5,independent,20260922,0.171564,0.2227477,,0.029261,0.028705,,,5,0,5,0,0,0,0.01,53.882,59.3359375,0.018559,,1.0
5,independent,20260923,0.1599285,0.21893645,,0.023742,0.030886,,,5,0,5,0,0,0,0.02,118.991,59.3359375,0.016808,,1.0
5,independent,20260924,0.145084,0.21671859999999998,,0.017111,0.021732,,,5,0,5,0,0,0,0.01,49.302,59.3359375,0.020283,,1.0
5,independent,20260925,0.1522485,0.19830644999999997,,0.016812,0.028277,,,5,0,5,0,0,0,0.02,99.91,59.3359375,0.020018,,1.0
5,independent,20260926,0.14352199999999998,0.21480379999999993,,0.022501,0.028704,,,5,0,5,0,0,0,0.01,48.347,59.3359375,0.020684,,1.0
5,independent,20260927,0.142153,0.19913379999999997,,0.016085,0.015401,,,5,0,5,0,0,0,0.02,106.718,59.3359375,0.018741,,1.0
5,independent,20260928,0.145233,0.20859054999999999,,0.017112,0.02494,,,5,0,5,0,0,0,0.01,49.596,59.3359375,0.020163,,1.0
5,independent,20260929,0.1365405,0.2168956,,0.021663,0.019658,,,5,0,5,0,0,0,0.01,52.168,59.3359375,0.019169,,1.0
5,independent,20260930,0.181315,0.26484019999999997,,0.027462,0.03002,,,5,0,5,0,0,0,0.01,45.298,59.3359375,0.022076,,1.0
5,independent,20260931,0.150271,0.23183209999999996,,0.026438,0.028656,,,5,0,5,0,0,0,0.01,54.434,59.3359375,0.018371,,1.0
5,independent,20260932,0.1490765,0.22508889999999998,,0.024007,0.023112,,,5,0,5,0,0,0,0.02,96.386,59.3359375,0.02075,,1.0
5,independent,20260933,0.15325650000000002,0.21553909999999998,,0.023069,0.025755,,,5,0,5,0,0,0,0.01,46.981,59.3359375,0.021285,,1.0
5,independent,20260934,0.15387499999999998,0.2371413999999999,,0.01936,0.021279,,,5,0,5,0,0,0,0.03,103.356,59.3359375,0.029026,,1.0
5,independent,20260935,0.15359699999999998,0.21387834999999994,,0.023751,0.034327,,,5,0,5,0,0,0,0.01,47.461,59.3359375,0.02107,,1.0
5,independent,20260936,0.1481065,0.20592734999999998,,0.020156,0.025387,,,5,0,5,0,0,0,0.01,61.05,59.3359375,0.01638,,1.0
5,static_continuity,20260907,0.153742,0.24739819999999996,,0.03236,0.025216,,,0,0,0,0,0,0,0.02,115.447,59.3359375,0.017324,,0.0
5,static_continuity,20260908,0.15212550000000002,0.22428225,,0.025386,0.024663,,,0,0,0,0,0,0,0.02,113.398,59.3359375,0.017637,,0.0
5,static_continuity,20260909,0.1563565,0.21686650000000002,,0.027257,0.020241,,,0,0,0,0,0,0,0.01,52.684,59.3359375,0.018981,,0.0
5,static_continuity,20260910,0.1486385,0.21245699999999998,,0.017987,0.027895,,,0,0,0,0,0,0,0.01,54.312,59.3359375,0.018412,,0.0
5,static_continuity,20260911,0.1567185,0.22691645,,0.027385,0.020836,,,0,0,0,0,0,0,0.01,45.827,59.3359375,0.021821,,0.0
5,static_continuity,20260912,0.1438125,0.20266824999999997,,0.019603,0.026492,,,0,0,0,0,0,0,0.01,49.251,59.3359375,0.020304,,0.0
5,static_continuity,20260913,0.135866,0.22118019999999994,,0.019216,0.025366,,,0,0,0,0,0,0,0.01,47.353,59.3359375,0.021118,,0.0
5,static_continuity,20260914,0.17164649999999998,0.2480884,,0.023839,0.021591,,,0,0,0,0,0,0,0.01,48.295,59.3359375,0.020706,,0.0
5,static_continuity,20260915,0.155103,0.22074344999999998,,0.018155,0.023499,,,0,0,0,0,0,0,0.01,52.466,59.3359375,0.01906,,0.0
5,static_continuity,20260916,0.150331,0.21304214999999999,,0.026299,0.019767,,,0,0,0,0,0,0,0.01,56.465,59.3359375,0.01771,,0.0
5,static_continuity,20260917,0.1548485,0.23036999999999996,,0.017604,0.029311,,,0,0,0,0,0,0,0.01,59.945,59.3359375,0.016682,,0.0
5,static_continuity,20260918,0.1438835,0.24394429999999998,,0.022057,0.024475,,,0,0,0,0,0,0,0.01,48.079,59.3359375,0.020799,,0.0
5,static_continuity,20260919,0.152261,0.21120145,,0.020954,0.023075,,,0,0,0,0,0,0,0.02,89.859,59.3359375,0.022257,,0.0
5,static_continuity,20260920,0.1416895,0.24307079999999992,,0.022729,0.020867,,,0,0,0,0,0,0,0.01,53.399,59.3359375,0.018727,,0.0
5,static_continuity,20260921,0.1585565,0.21890244999999997,,0.025947,0.02383,,,0,0,0,0,0,0,0.01,55.371,59.3359375,0.01806,,0.0
5,static_continuity,20260922,0.1637,0.20894364999999998,,0.024381,0.023745,,,0,0,0,0,0,0,0.01,54.251,59.3359375,0.018433,,0.0
5,static_continuity,20260923,0.15068399999999998,0.22405025,,0.022561,0.027936,,,0,0,0,0,0,0,0.02,104.624,59.3359375,0.019116,,0.0
5,static_continuity,20260924,0.159509,0.21845435,,0.023068,0.024676,,,0,0,0,0,0,0,0.01,51.706,59.3359375,0.01934,,0.0
5,static_continuity,20260925,0.141351,0.19988699999999998,,0.018413,0.029714,,,0,0,0,0,0,0,0.01,49.778,59.3359375,0.020089,,0.0
5,static_continuity,20260926,0.1297325,0.21267244999999996,,0.019428,0.016381,,,0,0,0,0,0,0,0.01,51.943,59.3359375,0.019252,,0.0
5,static_continuity,20260927,0.14243650000000002,0.21680314999999994,,0.015039,0.023574,,,0,0,0,0,0,0,0.01,49.933,59.3359375,0.020027,,0.0
5,static_continuity,20260928,0.1428795,0.2132699999999999,,0.014364,0.015293,,,0,0,0,0,0,0,0.01,49.427,59.3359375,0.020232,,0.0
5,static_continuity,20260929,0.1475485,0.21888854999999996,,0.029362,0.026066,,,0,0,0,0,0,0,0.01,57.28,59.3359375,0.017458,,0.0
5,static_continuity,20260930,0.1434715,0.19957339999999998,,0.014152,0.015801,,,0,0,0,0,0,0,0.02,105.302,59.3359375,0.018993,,0.0
5,static_continuity,20260931,0.1564625,0.23449934999999997,,0.025686,0.025137,,,0,0,0,0,0,0,0.01,62.492,59.3359375,0.016002,,0.0
5,static_continuity,20260932,0.144844,0.22111089999999994,,0.017659,0.020448,,,0,0,0,0,0,0,0.02,109.565,59.3359375,0.018254,,0.0
5,static_continuity,20260933,0.141485,0.2044469,,0.022222,0.021462,,,0,0,0,0,0,0,0.02,101.271,59.3359375,0.019749,,0.0
5,static_continuity,20260934,0.15276499999999998,0.2090089,,0.024207,0.020364,,,0,0,0,0,0,0,0.01,61.035,59.3359375,0.016384,,0.0
5,static_continuity,20260935,0.14852700000000002,0.20596355,,0.030537,0.024083,,,0,0,0,0,0,0,0.02,113.398,59.3359375,0.017637,,0.0
5,static_continuity,20260936,0.1360005,0.1975729,,0.015859,0.020541,,,0,0,0,0,0,0,0.01,51.067,59.3359375,0.019582,,0.0
10,ca_ztcf,20260907,0.4322365,0.49762215,4.093,0.016517999999999998,0.019603500000000003,,,0,0,10,0,0,0,0.02,63.967,59.48828125,0.031266,,0.0
10,ca_ztcf,20260908,0.426286,0.5135145,4.089,0.0162945,0.019313999999999998,,,0,0,10,0,0,0,0.03,105.108,59.5234375,0.028542,,0.0
10,ca_ztcf,20260909,0.4231195,0.4918098000000001,4.0055,0.016818,0.0167975,,,0,0,10,0,0,0,0.02,64.635,59.53515625,0.030943,,0.0
10,ca_ztcf,20260910,0.421589,0.52118625,4.047499999999999,0.016357,0.021285,,,0,0,10,0,0,0,0.02,63.243,59.53515625,0.031624,,0.0
10,ca_ztcf,20260911,0.4264835,0.5262066,4.1274999999999995,0.015195,0.0177585,,,0,0,10,0,0,0,0.02,71.8,59.53515625,0.027855,,0.0
10,ca_ztcf,20260912,0.4220025,0.5789559,4.0225,0.0149655,0.015153,,,0,0,10,0,0,0,0.02,76.617,59.53515625,0.026104,,0.0
10,ca_ztcf,20260913,0.439073,0.5229323,4.1895,0.0161745,0.0203225,,,0,0,10,0,0,0,0.02,70.801,59.53515625,0.028248,,0.0
10,ca_ztcf,20260914,0.43296599999999996,0.5300774,4.044,0.0169875,0.0190305,,,0,0,10,0,0,0,0.02,70.689,59.53515625,0.028293,,0.0
10,ca_ztcf,20260915,0.43191999999999997,0.5249732500000001,4.136,0.018589500000000002,0.017160500000000002,,,0,0,10,0,0,0,0.02,60.805,59.53515625,0.032892,,0.0
10,ca_ztcf,20260916,0.4526845,0.547821,4.2,0.0224045,0.017566,,,0,0,10,0,0,0,0.03,98.103,59.53515625,0.03058,,0.0
10,ca_ztcf,20260917,0.4325815,0.52735785,4.072,0.0173315,0.0197825,,,0,0,10,0,0,0,0.02,62.891,59.53515625,0.031801,,0.0
10,ca_ztcf,20260918,0.446395,0.53241635,4.2425,0.019334999999999998,0.0176725,,,0,0,10,0,0,0,0.02,65.274,59.5390625,0.03064,,0.0
10,ca_ztcf,20260919,0.46803249999999996,0.5450122,4.392,0.0202095,0.021552500000000002,,,0,0,10,0,0,0,0.03,99.381,59.5390625,0.030187,,0.0
10,ca_ztcf,20260920,0.4447115,0.5351351500000001,4.2635000000000005,0.0170545,0.019313999999999998,,,0,0,10,0,0,0,0.02,66.225,59.53515625,0.0302,,0.0
10,ca_ztcf,20260921,0.436696,0.5295618000000001,4.136,0.0169265,0.018802,,,0,0,10,0,0,0,0.02,64.735,59.53515625,0.030895,,0.0
10,ca_ztcf,20260922,0.459461,0.5295314,4.230499999999999,0.019494,0.0189625,,,0,0,10,0,0,0,0.03,98.161,59.53515625,0.030562,,0.0
10,ca_ztcf,20260923,0.4534235,0.5416619,4.337,0.017708,0.020706000000000002,,,0,0,10,0,0,0,0.03,84.943,59.53515625,0.035318,,0.0
10,ca_ztcf,20260924,0.441009,0.5572683000000002,4.124499999999999,0.017772000000000003,0.0172195,,,0,0,10,0,0,0,0.03,91.469,59.53515625,0.032798,,0.0
10,ca_ztcf,20260925,0.436864,0.5136898000000001,4.230499999999999,0.015221,0.0187715,,,0,0,10,0,0,0,0.02,72.469,59.53515625,0.027598,,0.0
10,ca_ztcf,20260926,0.442284,0.57170425,4.21,0.019749,0.018198,,,0,0,10,0,0,0,0.04,101.525,59.53515625,0.039399,,0.0
10,ca_ztcf,20260927,0.438458,0.52523115,4.145,0.0161355,0.018771,,,0,0,10,0,0,0,0.02,68.428,59.55078125,0.029228,,0.0
10,ca_ztcf,20260928,0.4465285,0.51029325,4.114,0.018407,0.018661999999999998,,,0,0,10,0,0,0,0.02,60.883,59.55078125,0.03285,,0.0
10,ca_ztcf,20260929,0.436307,0.50301645,4.1145,0.015736,0.0174535,,,0,0,10,0,0,0,0.04,133.985,59.55078125,0.029854,,0.0
10,ca_ztcf,20260930,0.433423,0.52243775,4.114,0.016541,0.017665,,,0,0,10,0,0,0,0.02,60.01,59.5546875,0.033328,,0.0
10,ca_ztcf,20260931,0.4478645,0.5384985,4.284,0.0166895,0.0191285,,,0,0,10,0,0,0,0.03,99.575,59.5546875,0.030128,,0.0
10,ca_ztcf,20260932,0.437749,0.52248065,4.114,0.017284,0.017156499999999998,,,0,0,10,0,0,0,0.03,91.277,59.55078125,0.032867,,0.0
10,ca_ztcf,20260933,0.4549685,0.52167015,4.199,0.016923,0.019913,,,0,0,10,0,0,0,0.03,92.367,59.55078125,0.032479,,0.0
10,ca_ztcf,20260934,0.4357975,0.5397505,4.199,0.017983,0.016434999999999998,,,0,0,10,0,0,0,0.02,67.902,59.55078125,0.029454,,0.0
10,ca_ztcf,20260935,0.4303155,0.53231155,4.0845,0.015531999999999999,0.019214500000000002,,,0,0,10,0,0,0,0.02,68.418,59.55078125,0.029232,,0.0
10,ca_ztcf,20260936,0.42995649999999996,0.526071,4.126,0.0173105,0.0175855,,,0,0,10,0,0,0,0.02,64.307,59.55078125,0.031101,,0.0
10,independent,20260907,0.13396950000000002,0.20626800000000003,,0.0205845,0.020031,,,10,0,10,0,0,0,0.01,49.608,59.37890625,0.020158,,1.0
10,independent,20260908,0.135394,0.2134678,,0.0163105,0.01429,,,10,0,10,0,0,0,0.02,95.402,59.37890625,0.020964,,1.0
10,independent,20260909,0.14555849999999998,0.19304170000000004,,0.01631,0.015779,,,10,0,10,0,0,0,0.03,125.162,59.37890625,0.023969,,1.0
10,independent,20260910,0.16271950000000002,0.21315195,,0.0169905,0.01867,,,10,0,10,0,0,0,0.01,39.414,59.37890625,0.025372,,1.0
10,independent,20260911,0.137095,0.20922595000000002,,0.0132575,0.015485,,,10,0,10,0,0,0,0.02,86.787,59.37890625,0.023045,,1.0
10,independent,20260912,0.154808,0.18683610000000006,,0.016694,0.0186455,,,10,0,10,0,0,0,0.02,90.872,59.37890625,0.022009,,1.0
10,independent,20260913,0.1506285,0.19315985000000002,,0.017606499999999997,0.0207455,,,10,0,10,0,0,0,0.02,83.731,59.37890625,0.023886,,1.0
10,independent,20260914,0.14761649999999998,0.20836380000000002,,0.015633,0.016058,,,10,0,10,0,0,0,0.02,79.352,59.37890625,0.025204,,1.0
10,independent,20260915,0.1452835,0.2013956,,0.015506,0.0174575,,,10,0,10,0,0,0,0.01,43.919,59.37890625,0.022769,,1.0
10,independent,20260916,0.1522625,0.2192973,,0.016291,0.0231425,,,10,0,10,0,0,0,0.02,81.913,59.37890625,0.024416,,1.0
10,independent,20260917,0.132959,0.20180990000000001,,0.017267,0.017818,,,10,0,10,0,0,0,0.02,89.606,59.37890625,0.02232,,1.0
10,independent,20260918,0.145814,0.19577915,,0.017293,0.017928,,,10,0,10,0,0,0,0.01,48.75,59.37890625,0.020513,,1.0
10,independent,20260919,0.1444385,0.1992566,,0.015282,0.0150705,,,10,0,10,0,0,0,0.02,93.423,59.37890625,0.021408,,1.0
10,independent,20260920,0.1469785,0.22676649999999998,,0.0186265,0.0206375,,,10,0,10,0,0,0,0.02,80.441,59.37890625,0.024863,,1.0
10,independent,20260921,0.140396,0.19224645000000007,,0.015282,0.019493999999999997,,,10,0,10,0,0,0,0.02,82.058,59.37890625,0.024373,,1.0
10,independent,20260922,0.132141,0.20047004999999998,,0.016023000000000003,0.01579,,,10,0,10,0,0,0,0.02,80.746,59.37890625,0.024769,,1.0
10,independent,20260923,0.1446715,0.20852510000000005,,0.014138999999999999,0.015853,,,10,0,10,0,0,0,0.01,42.513,59.37890625,0.023522,,1.0
10,independent,20260924,0.14156000000000002,0.20342060000000003,,0.0180335,0.017293,,,10,0,10,0,0,0,0.02,87.785,59.37890625,0.022783,,1.0
10,independent,20260925,0.1368325,0.20143545000000002,,0.0169215,0.0163515,,,10,0,10,0,0,0,0.02,90.897,59.37890625,0.022003,,1.0
10,independent,20260926,0.1432555,0.20515375000000002,,0.019182499999999998,0.0213585,,,10,0,10,0,0,0,0.01,39.186,59.39453125,0.025519,,1.0
10,independent,20260927,0.1368965,0.20602,,0.017576500000000002,0.021147,,,10,0,10,0,0,0,0.02,98.697,59.41015625,0.020264,,1.0
10,independent,20260928,0.1363255,0.19005750000000002,,0.0174495,0.0178305,,,10,0,10,0,0,0,0.02,90.95,59.41015625,0.02199,,1.0
10,independent,20260929,0.13372699999999998,0.19969025,,0.016119,0.016605500000000002,,,10,0,10,0,0,0,0.02,91.722,59.41015625,0.021805,,1.0
10,independent,20260930,0.15229700000000002,0.2222422000000001,,0.018992000000000002,0.020555499999999997,,,10,0,10,0,0,0,0.02,72.419,59.41015625,0.027617,,1.0
10,independent,20260931,0.1407415,0.19690904999999997,,0.0179565,0.0193935,,,10,0,10,0,0,0,0.02,100.246,59.41015625,0.019951,,1.0
10,independent,20260932,0.1505665,0.21357980000000001,,0.016957,0.020521499999999998,,,10,0,10,0,0,0,0.01,37.899,59.42578125,0.026386,,1.0
10,independent,20260933,0.140675,0.20666035,,0.0162815,0.0178215,,,10,0,10,0,0,0,0.01,38.755,59.42578125,0.025803,,1.0
10,independent,20260934,0.126691,0.20564745,,0.0180535,0.0188135,,,10,0,10,0,0,0,0.02,76.658,59.42578125,0.02609,,1.0
10,independent,20260935,0.13770100000000002,0.18328460000000002,,0.016598500000000002,0.020142,,,10,0,10,0,0,0,0.01,41.629,59.42578125,0.024022,,1.0
10,independent,20260936,0.1394935,0.20032365000000002,,0.018096,0.018264500000000003,,,10,0,10,0,0,0,0.01,50.327,59.42578125,0.01987,,1.0
10,static_continuity,20260907,0.1574415,0.18574190000000004,,0.018202,0.016092000000000002,,,0,0,0,0,0,0,0.02,76.47,59.42578125,0.026154,,0.0
10,static_continuity,20260908,0.156662,0.20643605,,0.015291,0.0163455,,,0,0,0,0,0,0,0.02,48.138,59.44140625,0.041547,,0.0
10,static_continuity,20260909,0.16963699999999998,0.21202555000000006,,0.019901000000000002,0.022239000000000002,,,0,0,0,0,0,0,0.02,80.312,59.44140625,0.024903,,0.0
10,static_continuity,20260910,0.15957,0.20720280000000005,,0.017711499999999998,0.016321500000000003,,,0,0,0,0,0,0,0.02,91.37,59.44140625,0.021889,,0.0
10,static_continuity,20260911,0.1586015,0.21063245,,0.0154995,0.016848,,,0,0,0,0,0,0,0.01,46.145,59.44140625,0.021671,,0.0
10,static_continuity,20260912,0.15849649999999998,0.20746225000000001,,0.0201335,0.0189955,,,0,0,0,0,0,0,0.02,97.542,59.44140625,0.020504,,0.0
10,static_continuity,20260913,0.15759,0.22640615,,0.017143,0.0195435,,,0,0,0,0,0,0,0.02,97.699,59.44140625,0.020471,,0.0
10,static_continuity,20260914,0.162961,0.1995922,,0.0167005,0.0197545,,,0,0,0,0,0,0,0.02,86.244,59.44140625,0.02319,,0.0
10,static_continuity,20260915,0.1604755,0.2108466,,0.0177535,0.0173115,,,0,0,0,0,0,0,0.02,94.282,59.44140625,0.021213,,0.0
10,static_continuity,20260916,0.1568415,0.18206420000000004,,0.0156905,0.0161535,,,0,0,0,0,0,0,0.01,46.959,59.44140625,0.021295,,0.0
10,static_continuity,20260917,0.16637000000000002,0.18186670000000002,,0.016174,0.0188455,,,0,0,0,0,0,0,0.02,84.094,59.44140625,0.023783,,0.0
10,static_continuity,20260918,0.16027,0.188811,,0.0170365,0.022463,,,0,0,0,0,0,0,0.01,49.261,59.44140625,0.0203,,0.0
10,static_continuity,20260919,0.157136,0.2101791,,0.0153755,0.0156695,,,0,0,0,0,0,0,0.02,88.782,59.44140625,0.022527,,0.0
10,static_continuity,20260920,0.1517305,0.19980045000000002,,0.013503000000000001,0.017814499999999997,,,0,0,0,0,0,0,0.01,42.026,59.44140625,0.023795,,0.0
10,static_continuity,20260921,0.1638035,0.21440605,,0.018340000000000002,0.0201285,,,0,0,0,0,0,0,0.01,45.376,59.44140625,0.022038,,0.0
10,static_continuity,20260922,0.15736699999999998,0.19222795000000006,,0.0144705,0.017478,,,0,0,0,0,0,0,0.02,93.985,59.44140625,0.02128,,0.0
10,static_continuity,20260923,0.1550265,0.20302640000000002,,0.015105,0.0150845,,,0,0,0,0,0,0,0.02,84.417,59.45703125,0.023692,,0.0
10,static_continuity,20260924,0.15322,0.18490365,,0.017563,0.02248,,,0,0,0,0,0,0,0.01,50.536,59.45703125,0.019788,,0.0
10,static_continuity,20260925,0.15093,0.1956122,,0.016408,0.0197905,,,0,0,0,0,0,0,0.01,49.593,59.47265625,0.020164,,0.0
10,static_continuity,20260926,0.157002,0.20027335000000002,,0.017606,0.0169965,,,0,0,0,0,0,0,0.01,46.389,59.47265625,0.021557,,0.0
10,static_continuity,20260927,0.1504885,0.17789515000000003,,0.015924999999999998,0.018446,,,0,0,0,0,0,0,0.02,86.103,59.48828125,0.023228,,0.0
10,static_continuity,20260928,0.15572,0.19896735000000002,,0.019034500000000003,0.0186565,,,0,0,0,0,0,0,0.01,44.387,59.48828125,0.022529,,0.0
10,static_continuity,20260929,0.1517075,0.20242735,,0.011828,0.013005,,,0,0,0,0,0,0,0.02,91.676,59.48828125,0.021816,,0.0
10,static_continuity,20260930,0.1547535,0.20658555,,0.01769,0.019937999999999997,,,0,0,0,0,0,0,0.01,37.84,59.48828125,0.026427,,0.0
10,static_continuity,20260931,0.1548115,0.19237180000000004,,0.014985499999999999,0.0168535,,,0,0,0,0,0,0,0.01,45.541,59.48828125,0.021958,,0.0
10,static_continuity,20260932,0.1564265,0.20223860000000002,,0.0168535,0.01975,,,0,0,0,0,0,0,0.01,50.408,59.48828125,0.019838,,0.0
10,static_continuity,20260933,0.1598695,0.19611655,,0.018722000000000003,0.020086,,,0,0,0,0,0,0,0.03,96.818,59.48828125,0.030986,,0.0
10,static_continuity,20260934,0.15357300000000002,0.21305605,,0.014818,0.014629,,,0,0,0,0,0,0,0.01,44.22,59.48828125,0.022614,,0.0
10,static_continuity,20260935,0.15697250000000001,0.19013315,,0.013999000000000001,0.016581,,,0,0,0,0,0,0,0.01,46.742,59.48828125,0.021394,,0.0
10,static_continuity,20260936,0.1603725,0.1935849,,0.0172945,0.0180715,,,0,0,0,0,0,0,0.02,81.288,59.48828125,0.024604,,0.0
25,ca_ztcf,20260907,0.42735650000000003,0.47419715,4.0925,0.014547,0.017431,,,0,0,25,0,0,0,0.04,72.758,59.7890625,0.054977,,0.0
25,ca_ztcf,20260908,0.447628,0.51291265,4.156499999999999,0.016031,0.018618,,,0,0,25,0,0,0,0.05,88.533,59.84765625,0.056476,,0.0
25,ca_ztcf,20260909,0.433739,0.5150606499999999,4.05,0.014588,0.018109,,,0,0,25,0,0,0,0.04,77.69,59.8828125,0.051487,,0.0
25,ca_ztcf,20260910,0.428246,0.49159784999999995,4.02,0.015489,0.017308,,,0,0,25,0,0,0,0.05,92.945,59.8984375,0.053795,,0.0
25,ca_ztcf,20260911,0.4292195,0.5020601,4.021,0.0146,0.017309,,,0,0,25,0,0,0,0.04,74.097,59.8984375,0.053983,,0.0
25,ca_ztcf,20260912,0.428987,0.5139633,4.062,0.014347,0.017012,,,0,0,25,0,0,0,0.04,74.202,59.8984375,0.053907,,0.0
25,ca_ztcf,20260913,0.438212,0.5539757999999999,4.105,0.015235,0.018282,,,0,0,25,0,0,0,0.04,71.21,59.9140625,0.056172,,0.0
25,ca_ztcf,20260914,0.43558850000000005,0.59181705,4.084,0.016082,0.021159,,,0,0,25,0,0,0,0.04,72.73,59.9140625,0.054998,,0.0
25,ca_ztcf,20260915,0.430891,0.51264735,4.062,0.015404,0.017223,,,0,0,25,0,0,0,0.04,75.92,59.91796875,0.052687,,0.0
25,ca_ztcf,20260916,0.4478075,0.5194227,4.203,0.017234,0.018374,,,0,0,25,0,0,0,0.04,73.746,59.9140625,0.05424,,0.0
25,ca_ztcf,20260917,0.425589,0.5008967499999999,3.8645,0.014995,0.016854,,,0,0,25,0,0,0,0.04,75.512,59.93359375,0.052972,,0.0
25,ca_ztcf,20260918,0.42871499999999996,0.5097566499999999,3.97,0.01432,0.016684,,,0,0,25,0,0,0,0.05,100.482,59.9453125,0.04976,,0.0
25,ca_ztcf,20260919,0.42233600000000004,0.4925937,4.055,0.014657,0.01639,,,0,0,25,0,0,0,0.04,74.909,59.9453125,0.053398,,0.0
25,ca_ztcf,20260920,0.428187,0.5062041499999999,4.013,0.014699,0.016558,,,0,0,25,0,0,0,0.04,71.025,59.9609375,0.056318,,0.0
25,ca_ztcf,20260921,0.442183,0.5454807999999999,4.175,0.016784,0.018597,,,0,0,25,0,0,0,0.05,88.799,59.96484375,0.056307,,0.0
25,ca_ztcf,20260922,0.433475,0.49980114999999997,3.964,0.015308,0.01767,,,0,0,25,0,0,0,0.04,75.978,59.9609375,0.052647,,0.0
25,ca_ztcf,20260923,0.432884,0.53769555,4.09,0.01573,0.017965,,,0,0,25,0,0,0,0.04,72.788,59.9765625,0.054954,,0.0
25,ca_ztcf,20260924,0.4281825,0.48950754999999996,4.0065,0.01438,0.016826,,,0,0,25,0,0,0,0.04,75.559,59.9765625,0.052939,,0.0
25,ca_ztcf,20260925,0.430481,0.512092,4.006,0.015434,0.017037,,,0,0,25,0,0,0,0.04,70.965,59.9765625,0.056366,,0.0
25,ca_ztcf,20260926,0.42769749999999995,0.47455765,3.9215,0.014254,0.016953,,,0,0,25,0,0,0,0.04,81.213,59.9921875,0.049253,,0.0
25,ca_ztcf,20260927,0.4301165,0.5020667,4.043,0.014444,0.017223,,,0,0,25,0,0,0,0.06,94.773,59.9921875,0.063309,,0.0
25,ca_ztcf,20260928,0.4297585,0.4960217,4.0634999999999994,0.014612,0.016928,,,0,0,25,0,0,0,0.04,72.734,59.9921875,0.054995,,0.0
25,ca_ztcf,20260929,0.42127349999999997,0.48985214999999993,3.9165,0.015539,0.017728,,,0,0,25,0,0,0,0.05,95.615,59.9921875,0.052293,,0.0
25,ca_ztcf,20260930,0.42518900000000004,0.50083245,4.0,0.014318,0.016718,,,0,0,25,0,0,0,0.04,79.659,59.9921875,0.050214,,0.0
25,ca_ztcf,20260931,0.4326005,0.51420725,4.043,0.015033,0.018108,,,0,0,25,0,0,0,0.05,95.425,59.9921875,0.052397,,0.0
25,ca_ztcf,20260932,0.424579,0.4744374499999999,4.043,0.014107,0.017055,,,0,0,25,0,0,0,0.05,89.361,59.9921875,0.055953,,0.0
25,ca_ztcf,20260933,0.4416255,0.5439809999999999,4.1005,0.016865,0.020398,,,0,0,25,0,0,0,0.04,71.047,59.9921875,0.056301,,0.0
25,ca_ztcf,20260934,0.4333405,0.5313181999999999,4.079,0.015393,0.01758,,,0,0,25,0,0,0,0.04,75.338,59.9921875,0.053094,,0.0
25,ca_ztcf,20260935,0.4252865,0.4668559,3.996,0.014804,0.016319,,,0,0,25,0,0,0,0.05,94.889,59.9921875,0.052693,,0.0
25,ca_ztcf,20260936,0.439355,0.51513225,4.1005,0.016277,0.017707,,,0,0,25,0,0,0,0.05,92.653,59.9921875,0.053965,,0.0
25,independent,20260907,0.15443600000000002,0.19385719999999992,,0.015024,0.01549,,,25,0,25,0,0,0,0.03,80.075,59.55078125,0.037465,,1.0
25,independent,20260908,0.1394745,0.1931587,,0.014474,0.017014,,,25,0,25,0,0,0,0.02,59.707,59.58984375,0.033497,,1.0
25,independent,20260909,0.153568,0.22261329999999996,,0.016632,0.020908,,,25,0,25,0,0,0,0.02,57.18,59.63671875,0.034977,,1.0
25,independent,20260910,0.15407549999999998,0.19122689999999998,,0.013331,0.016252,,,25,0,25,0,0,0,0.02,57.835,59.66015625,0.034581,,1.0
25,independent,20260911,0.154378,0.19332449999999995,,0.013645,0.015588,,,25,0,25,0,0,0,0.03,81.266,59.66015625,0.036916,,1.0
25,independent,20260912,0.1473235,0.19805329999999996,,0.015503,0.016095,,,25,0,25,0,0,0,0.02,50.95,59.66015625,0.039254,,1.0
25,independent,20260913,0.15397650000000002,0.18123815,,0.013348,0.016729,,,25,0,25,0,0,0,0.02,53.729,59.66015625,0.037224,,1.0
25,independent,20260914,0.153766,0.19234835,,0.015207,0.018756,,,25,0,25,0,0,0,0.04,124.293,59.66015625,0.032182,,1.0
25,independent,20260915,0.1530265,0.18151075,,0.013603,0.015207,,,25,0,25,0,0,0,0.02,57.624,59.66015625,0.034708,,1.0
25,independent,20260916,0.1453805,0.183921,,0.013687,0.015292,,,25,0,25,0,0,0,0.03,81.826,59.66015625,0.036663,,1.0
25,independent,20260917,0.1530055,0.2037244,,0.014194,0.016686,,,25,0,25,0,0,0,0.02,57.812,59.66015625,0.034595,,1.0
25,independent,20260918,0.155031,0.19712504999999997,,0.015225,0.016911,,,25,0,25,0,0,0,0.02,56.392,59.66015625,0.035466,,1.0
25,independent,20260919,0.15241549999999998,0.19434554999999995,,0.013496,0.014002,,,25,0,25,0,0,0,0.02,61.183,59.66015625,0.032689,,1.0
25,independent,20260920,0.1434755,0.19468239999999998,,0.013664,0.016152,,,25,0,25,0,0,0,0.02,58.548,59.66015625,0.03416,,1.0
25,independent,20260921,0.156275,0.19947555,,0.016026,0.016026,,,25,0,25,0,0,0,0.03,81.96,59.67578125,0.036603,,1.0
25,independent,20260922,0.15264850000000002,0.18368349999999994,,0.014212,0.015519,,,25,0,25,0,0,0,0.02,58.396,59.67578125,0.034249,,1.0
25,independent,20260923,0.151172,0.18712259999999997,,0.012821,0.014845,,,25,0,25,0,0,0,0.03,79.908,59.67578125,0.037543,,1.0
25,independent,20260924,0.139142,0.17386754999999998,,0.014108,0.018614,,,25,0,25,0,0,0,0.03,97.075,59.67578125,0.030904,,1.0
25,independent,20260925,0.150133,0.18421474999999995,,0.014908,0.017435,,,25,0,25,0,0,0,0.02,65.229,59.67578125,0.030661,,1.0
25,independent,20260926,0.1532915,0.19063934999999999,,0.012255,0.013729,,,25,0,25,0,0,0,0.02,55.01,59.67578125,0.036357,,1.0
25,independent,20260927,0.1548495,0.19158894999999998,,0.013645,0.01495,,,25,0,25,0,0,0,0.03,86.523,59.67578125,0.034673,,1.0
25,independent,20260928,0.140384,0.1817584,,0.013476,0.014024,,,25,0,25,0,0,0,0.02,56.351,59.67578125,0.035492,,1.0
25,independent,20260929,0.1520705,0.18978724999999996,,0.012676,0.016297,,,25,0,25,0,0,0,0.02,58.746,59.67578125,0.034045,,1.0
25,independent,20260930,0.1576495,0.21078814999999995,,0.01495,0.017645,,,25,0,25,0,0,0,0.03,78.96,59.69140625,0.037994,,1.0
25,independent,20260931,0.157072,0.1993488,,0.0151,0.016487,,,25,0,25,0,0,0,0.03,84.343,59.69140625,0.035569,,1.0
25,independent,20260932,0.150827,0.20016935,,0.012365,0.014132,,,25,0,25,0,0,0,0.02,57.58,59.69140625,0.034734,,1.0
25,independent,20260933,0.150196,0.20002214999999995,,0.014805,0.015478,,,25,0,25,0,0,0,0.04,113.311,59.69140625,0.035301,,1.0
25,independent,20260934,0.15581050000000002,0.20340504999999998,,0.015941,0.017119,,,25,0,25,0,0,0,0.02,54.255,59.69140625,0.036863,,1.0
25,independent,20260935,0.15358149999999998,0.17966735,,0.013375,0.015898,,,25,0,25,0,0,0,0.03,82.447,59.69140625,0.036387,,1.0
25,independent,20260936,0.15057399999999999,0.19664189999999998,,0.011693,0.014174,,,25,0,25,0,0,0,0.02,57.364,59.69140625,0.034865,,1.0
25,static_continuity,20260907,0.15032299999999998,0.20305259999999992,,0.015587,0.018696,,,0,0,0,0,0,0,0.02,62.434,59.69140625,0.032034,,0.0
25,static_continuity,20260908,0.144547,0.20252484999999992,,0.015587,0.017688,,,0,0,0,0,0,0,0.03,95.393,59.70703125,0.031449,,0.0
25,static_continuity,20260909,0.134716,0.21232879999999998,,0.013654,0.015083,,,0,0,0,0,0,0,0.02,59.483,59.72265625,0.033623,,0.0
25,static_continuity,20260910,0.1317325,0.19123014999999993,,0.01252,0.014663,,,0,0,0,0,0,0,0.03,86.049,59.72265625,0.034864,,0.0
25,static_continuity,20260911,0.13135449999999999,0.19772249999999997,,0.014327,0.015965,,,0,0,0,0,0,0,0.02,30.059,59.72265625,0.066536,,0.0
25,static_continuity,20260912,0.1403455,0.20583369999999995,,0.017688,0.018612,,,0,0,0,0,0,0,0.03,90.942,59.73828125,0.032988,,0.0
25,static_continuity,20260913,0.1487275,0.20852524999999997,,0.016469,0.017016,,,0,0,0,0,0,0,0.03,82.077,59.73828125,0.036551,,0.0
25,static_continuity,20260914,0.14226650000000002,0.20395114999999994,,0.016201,0.019098,,,0,0,0,0,0,0,0.02,64.782,59.73828125,0.030873,,0.0
25,static_continuity,20260915,0.13506800000000002,0.19554654999999993,,0.012592,0.014355,,,0,0,0,0,0,0,0.03,85.455,59.73828125,0.035106,,0.0
25,static_continuity,20260916,0.1343125,0.19554249999999998,,0.01171,0.013641,,,0,0,0,0,0,0,0.03,91.808,59.75390625,0.032677,,0.0
25,static_continuity,20260917,0.134818,0.1938972,,0.012881,0.01359,,,0,0,0,0,0,0,0.02,55.797,59.76953125,0.035844,,0.0
25,static_continuity,20260918,0.137027,0.19597534999999994,,0.014507,0.015257,,,0,0,0,0,0,0,0.03,92.14,59.76953125,0.032559,,0.0
25,static_continuity,20260919,0.131253,0.21113479999999996,,0.016008,0.016801,,,0,0,0,0,0,0,0.03,78.235,59.76953125,0.038346,,0.0
25,static_continuity,20260920,0.1400075,0.20820989999999998,,0.014507,0.015508,,,0,0,0,0,0,0,0.02,62.978,59.76953125,0.031757,,0.0
25,static_continuity,20260921,0.158115,0.21454824999999994,,0.015219,0.017265,,,0,0,0,0,0,0,0.03,76.425,59.76953125,0.039254,,0.0
25,static_continuity,20260922,0.132963,0.20894224999999994,,0.013898,0.016626,,,0,0,0,0,0,0,0.03,82.576,59.78515625,0.03633,,0.0
25,static_continuity,20260923,0.1349245,0.20598219999999998,,0.014281,0.015773,,,0,0,0,0,0,0,0.02,55.664,59.78515625,0.03593,,0.0
25,static_continuity,20260924,0.135649,0.2007379,,0.014154,0.015731,,,0,0,0,0,0,0,0.03,76.177,59.78515625,0.039382,,0.0
25,static_continuity,20260925,0.1431945,0.19815125,,0.014622,0.015603,,,0,0,0,0,0,0,0.02,55.136,59.78515625,0.036274,,0.0
25,static_continuity,20260926,0.144878,0.20276979999999992,,0.014367,0.016071,,,0,0,0,0,0,0,0.03,69.214,59.78515625,0.043344,,0.0
25,static_continuity,20260927,0.136974,0.2162383,,0.013519,0.015305,,,0,0,0,0,0,0,0.02,58.241,59.78515625,0.03434,,0.0
25,static_continuity,20260928,0.1292585,0.20724859999999995,,0.013944,0.015687,,,0,0,0,0,0,0,0.02,56.365,59.78515625,0.035483,,0.0
25,static_continuity,20260929,0.142097,0.21072654999999996,,0.014241,0.01624,,,0,0,0,0,0,0,0.02,50.835,59.78515625,0.039343,,0.0
25,static_continuity,20260930,0.147305,0.2089135,,0.015219,0.0176,,,0,0,0,0,0,0,0.03,82.183,59.78515625,0.036504,,0.0
25,static_continuity,20260931,0.1385685,0.202003,,0.012626,0.015177,,,0,0,0,0,0,0,0.02,55.782,59.78515625,0.035854,,0.0
25,static_continuity,20260932,0.1378455,0.22171375,,0.013178,0.014539,,,0,0,0,0,0,0,0.03,84.069,59.78515625,0.035685,,0.0
25,static_continuity,20260933,0.138335,0.1997986,,0.013222,0.015687,,,0,0,0,0,0,0,0.02,56.335,59.78515625,0.035502,,0.0
25,static_continuity,20260934,0.1404585,0.20689474999999996,,0.014801,0.015437,,,0,0,0,0,0,0,0.03,82.845,59.78515625,0.036212,,0.0
25,static_continuity,20260935,0.150976,0.216721,,0.0162,0.018575,,,0,0,0,0,0,0,0.02,54.346,59.78515625,0.036801,,0.0
25,static_continuity,20260936,0.154411,0.19870324999999994,,0.012341,0.014589,,,0,0,0,0,0,0,0.02,62.305,59.78515625,0.0321,,0.0
